original_text,true_label,predicted_label_svm
bangga mantu presiden sekolah s beasiswa mbak nama catat sejarah keluarga nepotisme haus kuasa alias kerja dandan bikin acara istana beli tas milyar wkwk simpati rakyat juang negara,ujaran kebencian,ujaran kebencian
ganjar,bukan ujaran kebencian,bukan ujaran kebencian
maaf produk turun berat badan singkat bb sara,bukan ujaran kebencian,bukan ujaran kebencian
lihat debat calon wakil presiden kakak,bukan ujaran kebencian,bukan ujaran kebencian
harap ku moga hamil kakak sehat selamat lahir anak sholeh sholehah sehat selamat adik bayi nya hamil nya tular juang garis,bukan ujaran kebencian,bukan ujaran kebencian
kakak kaesang geram lihat ungsi aceh syukur dibkasih makan negara kurang,bukan ujaran kebencian,bukan ujaran kebencian
sok many memories destroy a country yeah,bukan ujaran kebencian,bukan ujaran kebencian
heran suka ikut nimbrung suka buka profil males dikomenin trs gulir trs,bukan ujaran kebencian,bukan ujaran kebencian
curang anjing,ujaran kebencian,bukan ujaran kebencian
kali dtambah halaman kakak biar selesai baca lanjut,bukan ujaran kebencian,bukan ujaran kebencian
istighfar teh keluarga dzalimi rakyat indonesia uang dah otot batget pimpin heran deh,ujaran kebencian,ujaran kebencian
lihat bahagia ga pikir orang terdzalimi akibat buat keluraga sakit lo,ujaran kebencian,bukan ujaran kebencian
tunggu deklarasi psi rapat prabowo tanda keluarga jokowi keluarga demokratis,bukan ujaran kebencian,bukan ujaran kebencian
hati hati alam bal,bukan ujaran kebencian,bukan ujaran kebencian
sih sik trus istri singkat iya nama nya,bukan ujaran kebencian,bukan ujaran kebencian
x kakak,bukan ujaran kebencian,bukan ujaran kebencian
jokowime,bukan ujaran kebencian,bukan ujaran kebencian
pamer ros,bukan ujaran kebencian,bukan ujaran kebencian
beasiswa butuh jenis beasiswa hujat wrga beli roti rb pakai jet pribadi pakai dana pribadi saran ajar kakak kakak kaesang butir sila amal nya,ujaran kebencian,bukan ujaran kebencian
psi okke gaa,bukan ujaran kebencian,bukan ujaran kebencian
kakak sayang masuk,bukan ujaran kebencian,bukan ujaran kebencian
syukur nikmat allah keluarga harap moga hamil allah rida hamil lahir susu moga harap wujud pas nikah amin ya allah,bukan ujaran kebencian,bukan ujaran kebencian
bilang ibu nomer kakak wejang bojo nomer,bukan ujaran kebencian,bukan ujaran kebencian
doa moga sajadah ibadah sajadah ibadah manfaat beri alat ibadah pahala jariyah keluarga erina kaesang moga sehat iya janin,bukan ujaran kebencian,bukan ujaran kebencian
anak jabat pamer harta pamer bojo mas ha ra main bla,bukan ujaran kebencian,bukan ujaran kebencian
bismillahirohmanirohim selamat hamil anak kakak kakak moga sehat lancar proses salin amin allahuma aamiin izin cerita kakak kakak suami meni juni kemarin doa nya haid selebriti instagram kakak pergi umrah langsung titip doa beliau milik turun pulang umrah kakak dev hamil telat haid hari tespek hasil garis haid situ hati hancur hancur hancur husnuzan allah subhanahu whatsapp taala apa kasih allah baik suami ibu upaya laku pergi dokter kandung pergi orang tua urut perut minum ramu minum air zam zam makan kurma muda cek dokter spog kandung allah kasih kesemptan buka instagram cari orang ibadah tanah suci makkah janani ibadah baik umrah haji titip doa doa moga segera milik turun cucu sayang harap orang bismillahirohmanirohim mudah mudah rezeki suami pergi tanah suci ibadah suami ibadah khusyuk langit doa doa tanah suci rezeki kakak kakak,bukan ujaran kebencian,bukan ujaran kebencian
tolong bantu bang butuh kerja menghidupin anak tiri ku sambung kakak,bukan ujaran kebencian,bukan ujaran kebencian
selamat selamat proses,bukan ujaran kebencian,bukan ujaran kebencian
allahumma bariik impi nikah keluarga sammawaa sempurna moga allah keluarga keluarga kakak kakak bahagia anak saleh sholeha bangga orang tua amin allahumma amin,bukan ujaran kebencian,bukan ujaran kebencian
cantik kakak,bukan ujaran kebencian,bukan ujaran kebencian
makan pisang goreng enak,bukan ujaran kebencian,bukan ujaran kebencian
si orang cak imin ganjar habis posting ya acara sabtu kemarin,bukan ujaran kebencian,bukan ujaran kebencian
harap moga trlepas hutang piutang biar anak anak susah trkadang dahulu hutang bndingkan butuh rumah,bukan ujaran kebencian,bukan ujaran kebencian
oh partai nya jokowi,bukan ujaran kebencian,bukan ujaran kebencian
a alamualaikum mb sehat ya kakak salin harap moga rasa bahagia kakak rasa keluarga sehat lancar rezeki bismillah moga hajat doa kabul allah swt amin ya rabi alamin sukses produk baik nya,bukan ujaran kebencian,bukan ujaran kebencian
minum bandrek minum jus ya kakak,bukan ujaran kebencian,bukan ujaran kebencian
kakak enak lagu ganti bnyak musisi msian,bukan ujaran kebencian,bukan ujaran kebencian
uang cant buy cla pakai berlian miliar aura mbok pasar klewer hilang berloan pakai uang halal haram,ujaran kebencian,ujaran kebencian
semangat kakak erina ms kaesang bapak luatbiasa hebat waris petuah anak cucu mantu nyinyir tanda iri dengki kmu santui sj happy sj biarkn anjing gonggong ratus juta rakyat dukung urus,bukan ujaran kebencian,bukan ujaran kebencian
doa buruk caci bayi nya doa sehat sehat kakak erina lahir ya gpp kakak ambil wudhu salat doa apa hujat percaya doa hamil mustajab allah janji,bukan ujaran kebencian,bukan ujaran kebencian
kadang guyon lucu,bukan ujaran kebencian,bukan ujaran kebencian
seru baca wkwk,bukan ujaran kebencian,bukan ujaran kebencian
emang zaman proyek perintah orang tua dasar ndeso orang kampung,ujaran kebencian,ujaran kebencian
kakak kaesang tolong bantu perkara orang orang live game dewasa buming tiktok mas tolong jera tolong jokowi game rusak anak bangsa zaman tiktok akses umur mas adik sekolah dasar tau game tolong mas mohon bantu tolong bantu banned game desawa seliwer live tiktok tolong efek jera orang orang suka live game kakak,bukan ujaran kebencian,bukan ujaran kebencian
longtext ala kakak kaesang,bukan ujaran kebencian,bukan ujaran kebencian
terima kasih presiden kakak ketua gas penuh menang,bukan ujaran kebencian,bukan ujaran kebencian
pers olo apik apik kakak ayo benah,bukan ujaran kebencian,bukan ujaran kebencian
ketua partai sim salabim zaman soeharto,bukan ujaran kebencian,bukan ujaran kebencian
mohon maaf darah darah versi darah versi nanah sih,bukan ujaran kebencian,bukan ujaran kebencian
hamil cantik,bukan ujaran kebencian,bukan ujaran kebencian
kursus tani suami camil sang pisang ya,bukan ujaran kebencian,bukan ujaran kebencian
kakak erina menang kuis kasih tau seru eh harap menang sy,bukan ujaran kebencian,bukan ujaran kebencian
tolong bikin rusak percaya masyarakat nyalon gub,ujaran kebencian,bukan ujaran kebencian
jos,bukan ujaran kebencian,bukan ujaran kebencian
kakak perempuan kakak keasang,bukan ujaran kebencian,bukan ujaran kebencian
kasihan ih hidup hujat,bukan ujaran kebencian,bukan ujaran kebencian
harap rakyat indonesia tlglah mundur muak klan kelg,bukan ujaran kebencian,ujaran kebencian
kakak nya anggur ya luang buat,ujaran kebencian,bukan ujaran kebencian
mimi lan mintuno,bukan ujaran kebencian,bukan ujaran kebencian
serah simbolis bpjs partai nol koma sdh akses badan selenggara jamin sosial gratis fasilitas tabrak tabrak salam kakak wani anak nya wiji tukul teman janji nya,bukan ujaran kebencian,bukan ujaran kebencian
mas lupa nya ya,bukan ujaran kebencian,bukan ujaran kebencian
suka kakak kaesang ibuk mama selamat hebat duniaa,bukan ujaran kebencian,bukan ujaran kebencian
serius baca lucu kasih kerja rumah ngitung,bukan ujaran kebencian,bukan ujaran kebencian
pohonny tumbang sesal hasil oksigen hirup,ujaran kebencian,bukan ujaran kebencian
obat laga masalah pasang suami istri langsung konsultasi,bukan ujaran kebencian,bukan ujaran kebencian
baywan ep ep ayo,bukan ujaran kebencian,bukan ujaran kebencian
p jokowi presiden best,bukan ujaran kebencian,bukan ujaran kebencian
enakanya hadir presiden,bukan ujaran kebencian,bukan ujaran kebencian
kakak erina kenan cek direct me age,bukan ujaran kebencian,bukan ujaran kebencian
suka dikomenan adem nyaman baca,bukan ujaran kebencian,bukan ujaran kebencian
mobil laju cucu,bukan ujaran kebencian,bukan ujaran kebencian
scalling mahal pakai uang rakyaat karang gigi garam laut,ujaran kebencian,ujaran kebencian
cielahh sosweet kali kakak kaesang colek kakak,bukan ujaran kebencian,bukan ujaran kebencian
ikut atur,ujaran kebencian,ujaran kebencian
bsok akhirat malaikat tuhan ya tau,bukan ujaran kebencian,bukan ujaran kebencian
senang anniversary,bukan ujaran kebencian,bukan ujaran kebencian
buku nikah ku terbang ku tanah suci amin,bukan ujaran kebencian,bukan ujaran kebencian
gayakin ah,bukan ujaran kebencian,bukan ujaran kebencian
ersofgun,bukan ujaran kebencian,bukan ujaran kebencian
pilek kakak,bukan ujaran kebencian,bukan ujaran kebencian
terima kasih,bukan ujaran kebencian,bukan ujaran kebencian
kakak info kaos partai,bukan ujaran kebencian,bukan ujaran kebencian
bisnis cover doang coba cek bisnis sang pisang markobar rame,bukan ujaran kebencian,bukan ujaran kebencian
psi partai hebat,bukan ujaran kebencian,bukan ujaran kebencian
gemoy ms kaesang kasih kakak erina bungaa,bukan ujaran kebencian,bukan ujaran kebencian
lcggityu,bukan ujaran kebencian,bukan ujaran kebencian
minimal malu,ujaran kebencian,ujaran kebencian
cantik kakak erina kayak anak perempuan mbak cantik iibunya,bukan ujaran kebencian,bukan ujaran kebencian
kakak erina semenjak hamil cantik tambah,bukan ujaran kebencian,bukan ujaran kebencian
tuhan kaget,bukan ujaran kebencian,bukan ujaran kebencian
moga keluarga nya kakak kaesang kanjeng ratu kakak erina gudono sakinah mawadah amien,bukan ujaran kebencian,bukan ujaran kebencian
enak usaha jabat uang nya eh ikut politis keluarga mencla mencle,ujaran kebencian,ujaran kebencian
semangat mas,bukan ujaran kebencian,bukan ujaran kebencian
gara gara wanita ulah nama keluarga sederhana aib keluarga jaga bongkar,ujaran kebencian,ujaran kebencian
halo kakak ersofgun,bukan ujaran kebencian,bukan ujaran kebencian
mehong kali tas nya kakak selebriti,bukan ujaran kebencian,bukan ujaran kebencian
anak kampanye,bukan ujaran kebencian,bukan ujaran kebencian
prestasi jual sang pisang,bukan ujaran kebencian,bukan ujaran kebencian
kolom komentar ribut haha goblok,bukan ujaran kebencian,bukan ujaran kebencian
roti rb mbak enak aoka,bukan ujaran kebencian,bukan ujaran kebencian
sehat sehat presiden ku,bukan ujaran kebencian,bukan ujaran kebencian
barokallah mas titip jaga negara satu republik indonesia mas,bukan ujaran kebencian,bukan ujaran kebencian
lawan,bukan ujaran kebencian,bukan ujaran kebencian
gambar terang pasang calon gila aja mentang mentang anak kuasa,ujaran kebencian,bukan ujaran kebencian
sehat sukses kakak,bukan ujaran kebencian,bukan ujaran kebencian
keren banget erina congrats,bukan ujaran kebencian,bukan ujaran kebencian
slide mbk erina kakak kaesang ya,bukan ujaran kebencian,bukan ujaran kebencian
partai nol koma,bukan ujaran kebencian,bukan ujaran kebencian
kakak sayang ono mas,bukan ujaran kebencian,bukan ujaran kebencian
tarik terjun dunia politik haha,ujaran kebencian,bukan ujaran kebencian
tau kakak,bukan ujaran kebencian,bukan ujaran kebencian
kakak kakak mu katut mas ngudang biyen,bukan ujaran kebencian,bukan ujaran kebencian
bayinyaa lo kasih uang haram,ujaran kebencian,ujaran kebencian
sayang bare naked wajah true beauty,bukan ujaran kebencian,bukan ujaran kebencian
kalah thoriq anak bang thoriq haji anak kandung haji,bukan ujaran kebencian,bukan ujaran kebencian
kumise kiy kakak,bukan ujaran kebencian,bukan ujaran kebencian
kadang mikir orang ujar benci salah ya bapaknyaa dukung anak ya pas bapknya presiden iri presiden coba presiden ya nama previlege orang tua nnti previlege anak pandang negatif doang heran warganet wkwk,bukan ujaran kebencian,bukan ujaran kebencian
do untuk suamikuh,bukan ujaran kebencian,bukan ujaran kebencian
sumatra selatan kakak lupa,bukan ujaran kebencian,bukan ujaran kebencian
harap doa doa langit kabul ibadah tenang khusyuk sehat kakak calon dedek bayi sukses moga bisnis lancar kembang berkah,bukan ujaran kebencian,bukan ujaran kebencian
nya matador banteng ha ha kiki komedian tingkat dewa,bukan ujaran kebencian,bukan ujaran kebencian
langgeng kakak kakak,bukan ujaran kebencian,bukan ujaran kebencian
asalbukan,bukan ujaran kebencian,bukan ujaran kebencian
minimal sikat su tuo kok ndeso,ujaran kebencian,ujaran kebencian
kaesweet,bukan ujaran kebencian,bukan ujaran kebencian
proses kayak admin instand,bukan ujaran kebencian,bukan ujaran kebencian
kakak erina lihat video gunawarman,bukan ujaran kebencian,bukan ujaran kebencian
pertamax,bukan ujaran kebencian,bukan ujaran kebencian
bentar captionnya kang,bukan ujaran kebencian,bukan ujaran kebencian
allah maha dengar suara rakyat,bukan ujaran kebencian,ujaran kebencian
serasi,bukan ujaran kebencian,bukan ujaran kebencian
ngelawak,bukan ujaran kebencian,bukan ujaran kebencian
pinggir jalan tulis kerja ngelamar situ aja,bukan ujaran kebencian,bukan ujaran kebencian
orang logika paham iriana urut nmor mantap mortalitas kakak bro,bukan ujaran kebencian,bukan ujaran kebencian
iya mas jok anu,bukan ujaran kebencian,bukan ujaran kebencian
senang aniversary kakak erina kakak kaesang bahagia lahir batin dunia akhirat,bukan ujaran kebencian,bukan ujaran kebencian
penghianat konstitusi mahkamah keluarga,ujaran kebencian,ujaran kebencian
psi ambang lolos senayan coba kampanye nya bekal buku tulis gambar jokowi kaesang,bukan ujaran kebencian,bukan ujaran kebencian
kakak kaesang tangsel kah peer nya jg beti depok,bukan ujaran kebencian,bukan ujaran kebencian
tau psi mas semangat,bukan ujaran kebencian,bukan ujaran kebencian
a alamualaikum wr wb selamat hamil anak pertama kakak kakak moga sehat lancar amin cerita juang garis anak anak umur th alhmdulilah anak sholihah suami ldm beda pulau tinggal kampung mertua orang tua tinggal tinggal umur tinggal sakit kanker meni orang tua meni ada kua batas biaya urus adik sekolah cerita benjol payudara operasi qadarullah muncul keluarga riwayat turun usaha pola hidup sehat kurang stres urus anak bantu mudah uang butuh uang coba sabar takdir allah juang garis garis uji mampu ekonomi anak anak uji lulus masyaallah orang tua butuh orang tua apa daya mertua sibuk pekerjaanya jam urus anak bayi ubah hidup iman moga orang tua ajar,bukan ujaran kebencian,bukan ujaran kebencian
saksi bareng bareng ya teman akhirat keluarga orang resah memporak porandakan hati rakyat indonesia rusak tatanan negara,ujaran kebencian,ujaran kebencian
minimal umur,ujaran kebencian,ujaran kebencian
way sorry tau turun bb gimana kesal ejek gendut tetangga,bukan ujaran kebencian,bukan ujaran kebencian
mambu kelek,ujaran kebencian,bukan ujaran kebencian
anak presiden suka selonong tenang pimpin negara rakus banget mas,ujaran kebencian,bukan ujaran kebencian
wangi sih balon,ujaran kebencian,bukan ujaran kebencian
undang undang,bukan ujaran kebencian,bukan ujaran kebencian
gak,bukan ujaran kebencian,bukan ujaran kebencian
fokus ibadah aja unggah babynya kakak kaesang,bukan ujaran kebencian,bukan ujaran kebencian
mu kakak zalim rakyat kuasa firaun lenyap kuasa sampean jadi ajar keluarga kakak,ujaran kebencian,ujaran kebencian
haha huhu,bukan ujaran kebencian,bukan ujaran kebencian
cewek iya,bukan ujaran kebencian,bukan ujaran kebencian
bismillah doa baik anak sehat tumbuh anak sholiha angkat derajat orangtuanya lunas hutang suami timang anak momong sebab hamil insyaallah moga mohon doa ya kakak,bukan ujaran kebencian,bukan ujaran kebencian
kakak ganti sound nya milik sound angkuh,ujaran kebencian,ujaran kebencian
anak anak lucu,bukan ujaran kebencian,bukan ujaran kebencian
titip bendera merah kakak kaesang mudah mudah bantu masuk k kabinet presiden pilih dukung beliau jokowi alam tekon spora prov kalimantan moga bantu,bukan ujaran kebencian,bukan ujaran kebencian
tahap ikhlas moga bahagia nular pgd,bukan ujaran kebencian,bukan ujaran kebencian
mk kalah,bukan ujaran kebencian,bukan ujaran kebencian
mawar lawan lawan sang lawan grup mawar,bukan ujaran kebencian,bukan ujaran kebencian
juang garis kakak mb apa lalu ihtiar mana jalan kakak mb kenan umrah nya doa kabah diijabah hajat nya pasrah juang mana moga allah mudah suami ibadah madinah moga hajat kabul,bukan ujaran kebencian,bukan ujaran kebencian
foya foya sengsara,ujaran kebencian,bukan ujaran kebencian
guru motoin lupa,bukan ujaran kebencian,bukan ujaran kebencian
istri mu istri ku,bukan ujaran kebencian,bukan ujaran kebencian
habis pikir kakak kaesang menomorduakan kandung cah gendeng,bukan ujaran kebencian,bukan ujaran kebencian
negara mantu cantik,bukan ujaran kebencian,bukan ujaran kebencian
kakak cantik sekali,bukan ujaran kebencian,bukan ujaran kebencian
sadar banget,bukan ujaran kebencian,bukan ujaran kebencian
budak cinta kakak,bukan ujaran kebencian,bukan ujaran kebencian
cie cie hem,bukan ujaran kebencian,bukan ujaran kebencian
kakak erina,bukan ujaran kebencian,bukan ujaran kebencian
kakak kaesang harga smuanya meni yg iya istri njut mertua wis sip dah moga sehat,bukan ujaran kebencian,bukan ujaran kebencian
ya allah maha bolak balik hati balik hati hati hamba integritas teguh iman baik tulus taat atur buruk buruk lingkung tumbuh engkau maha jaga sih hati sih hati ambisi sakit takut dunia sadar sadar dunia akhirat,bukan ujaran kebencian,bukan ujaran kebencian
sok sweet sih guyonane kilob,bukan ujaran kebencian,bukan ujaran kebencian
enak ya tutup mata indonesia derita,ujaran kebencian,bukan ujaran kebencian
ketua kekayaananya miliar miliar,bukan ujaran kebencian,bukan ujaran kebencian
baca tertawa,bukan ujaran kebencian,bukan ujaran kebencian
nikah juli tunggu ajaib momong usia muda th doa juang karunia x promil qadarullah sabar dokter alternatif percaya jawa jalan adik hamil sabar berat adik ipar hamil anak sebnrnya syok suami adik ibukku besar hati adik ipar hamil sedih no cares about punya feeling tugas anak perempuan fortre keluarga harap teru doa moga allah kenan beri suami turun,bukan ujaran kebencian,bukan ujaran kebencian
pacar iya,bukan ujaran kebencian,bukan ujaran kebencian
enak ya anak presiden,bukan ujaran kebencian,bukan ujaran kebencian
bapaklo presiden ketua psi pengaruh pabaklo,bukan ujaran kebencian,bukan ujaran kebencian
kakak erina samping almrhum nike ardila,bukan ujaran kebencian,bukan ujaran kebencian
selamat ya kakak kaesang jaga istri cinta hamil muda,bukan ujaran kebencian,bukan ujaran kebencian
lawan lawan perintah lawan rakyat,ujaran kebencian,ujaran kebencian
serius kerja ya berangkat haji pakai uang pajak sungguh rida keringat siang malam situ,bukan ujaran kebencian,bukan ujaran kebencian
andake,bukan ujaran kebencian,bukan ujaran kebencian
sosweet bgt,bukan ujaran kebencian,bukan ujaran kebencian
captionnya,bukan ujaran kebencian,bukan ujaran kebencian
moga momong ikat kontrak hamil mba,bukan ujaran kebencian,bukan ujaran kebencian
masya allah dandan teh meni douli,bukan ujaran kebencian,bukan ujaran kebencian
ku depok ubah ya kota tante tante ku tinggal,bukan ujaran kebencian,bukan ujaran kebencian
sehat sukses bahagia kaesang keluarga tetap semangat tuhan berkat,bukan ujaran kebencian,bukan ujaran kebencian
info lowong kerja kakak rin,bukan ujaran kebencian,bukan ujaran kebencian
langgeng ya salah fokus deh bada kakak bagus rahasia ka,bukan ujaran kebencian,bukan ujaran kebencian
nebeng kakak erina amerika,bukan ujaran kebencian,bukan ujaran kebencian
eh lololo,ujaran kebencian,bukan ujaran kebencian
coba wali kota cirebon inspirasi guru tk paud ra guru yg honor nya tampung sekolah guru bimbing enak tunjang s,bukan ujaran kebencian,bukan ujaran kebencian
masaallah cantik nya,bukan ujaran kebencian,bukan ujaran kebencian
cantik kakak erina,bukan ujaran kebencian,bukan ujaran kebencian
anggun,bukan ujaran kebencian,bukan ujaran kebencian
mobio ferari iya ih wkwk,bukan ujaran kebencian,bukan ujaran kebencian
pakai uang pribadi uang negara,ujaran kebencian,ujaran kebencian
masyaallah,bukan ujaran kebencian,bukan ujaran kebencian
istri,bukan ujaran kebencian,bukan ujaran kebencian
katolik gabung sih umrah nya roma vatikan kakak cantik tuhan ble your fam,bukan ujaran kebencian,bukan ujaran kebencian
alhamdulilah masyaallah tabarakallah selamat kakak mb moga anak kandung sehat jiwa raga kakak erina lancar tm tm proses lahir senang ber umrah bikin umum kabah langsung masyaallah moga sehat bayi amin ya rabi,bukan ujaran kebencian,bukan ujaran kebencian
ketua partai cepat anak presiden,bukan ujaran kebencian,bukan ujaran kebencian
tanggap ketua partai diskualifikasi kota kabupaten jawa,bukan ujaran kebencian,bukan ujaran kebencian
lupa salat jumat kakak kaesang biar gubernur jakarta,bukan ujaran kebencian,bukan ujaran kebencian
isi surat mohon tempur haha keren bro,bukan ujaran kebencian,bukan ujaran kebencian
maju cagup please,bukan ujaran kebencian,bukan ujaran kebencian
sumber kuat kakak kaesang ya kakak erina istri utama,bukan ujaran kebencian,bukan ujaran kebencian
ipwko z i,bukan ujaran kebencian,bukan ujaran kebencian
salam diri kakak kaesang,bukan ujaran kebencian,bukan ujaran kebencian
aw,bukan ujaran kebencian,bukan ujaran kebencian
fir aun familys,ujaran kebencian,bukan ujaran kebencian
positif,bukan ujaran kebencian,bukan ujaran kebencian
adil je ica mala wongso kakak kaesang,bukan ujaran kebencian,bukan ujaran kebencian
menang alat akat negara wakanda konoha santai wlpn langgar atur hujat sewakanda gppkrn menang dkg irg orang dijamjikan seman kako orang orang untung privilledge,ujaran kebencian,bukan ujaran kebencian
partaine bojomu mbak ra genah ngece sistem perintah diy gek wing macet neng semarang bus wkwk mantap tenann,ujaran kebencian,bukan ujaran kebencian
minimal sadar emban amanah zalim rakyat penting pribadi,ujaran kebencian,ujaran kebencian
derek bungah ngih kakak erin lan kakak kaesang sehat langgeng nikah,bukan ujaran kebencian,bukan ujaran kebencian
iriana kakak erina cantik,bukan ujaran kebencian,bukan ujaran kebencian
batas mu presiden hak muda tua pilih rakyat worry ya sadar apple,bukan ujaran kebencian,bukan ujaran kebencian
suruh scalling suami,ujaran kebencian,bukan ujaran kebencian
meuteung iya mba e sehat iya kabehane,bukan ujaran kebencian,bukan ujaran kebencian
patih kakak kaesang maju angkat dorong masak sembunyi sejarah hayam wuruk angakat raja usia jaya raja majapahit satu nusantara,bukan ujaran kebencian,bukan ujaran kebencian
tabur tuai nyata dunia akhirat tuhan tidur,bukan ujaran kebencian,bukan ujaran kebencian
bismillah moga kakak erina keluarga sehat lindung lancar salin kakak erina sehat selamat bayi aamiin pribadi moga lancar nya mudah rezeki sehat keluarga aamiin insyaallah bangun rumah kakak erina doa lancar ya kakak halang apa amin,bukan ujaran kebencian,bukan ujaran kebencian
sehat umur kakak kaesang keluarga,bukan ujaran kebencian,bukan ujaran kebencian
definisi cantik ala ala putri keraton kakak erina,bukan ujaran kebencian,bukan ujaran kebencian
masyaallah selamat hamil mb moga sehat lancar besok lahir sehat bayi allahumma barik bismillah harap hadiah kakak mb moga tambah semangat ibadah allah subhanahu whatsapp taala jalan hidup dunia penuh uji anak putri rumah tangga th mei kemarin anniversary th tinggal suami hati setia alhamdulillah harap moga keluarga khusyuk tenang ibadah hidup tenang bahagia kuat jalan uji hidup rumah tangga didik putri anak sholehah dunia akhirat amin,bukan ujaran kebencian,bukan ujaran kebencian
ayo gaspoll kakak ketua,bukan ujaran kebencian,bukan ujaran kebencian
tw suka couple,bukan ujaran kebencian,bukan ujaran kebencian
air softgun,bukan ujaran kebencian,bukan ujaran kebencian
nya ajak war,bukan ujaran kebencian,bukan ujaran kebencian
anak presiden haus kuasa malu ya gk bahaya ta,ujaran kebencian,ujaran kebencian
ersofgun,bukan ujaran kebencian,bukan ujaran kebencian
habis senang,bukan ujaran kebencian,bukan ujaran kebencian
konyol,ujaran kebencian,bukan ujaran kebencian
uhuy,bukan ujaran kebencian,bukan ujaran kebencian
cih,ujaran kebencian,ujaran kebencian
kakak kaesang persis solo kalah pripun kakak,bukan ujaran kebencian,bukan ujaran kebencian
ceper egoo lu,ujaran kebencian,bukan ujaran kebencian
doa ku sehat bahagia penuh berkah amin ya allah amin allahuma amin ya allah,bukan ujaran kebencian,bukan ujaran kebencian
kader sekolah dasar ya ms payuu,bukan ujaran kebencian,bukan ujaran kebencian
cantik aura hamil,bukan ujaran kebencian,bukan ujaran kebencian
malas baca nya,bukan ujaran kebencian,bukan ujaran kebencian
ketua jalan pintas anak presiden ya,bukan ujaran kebencian,bukan ujaran kebencian
motoa,bukan ujaran kebencian,bukan ujaran kebencian
nebeng ya,bukan ujaran kebencian,bukan ujaran kebencian
anak muda malu terang terang ortunya anak muda zaman ya,ujaran kebencian,bukan ujaran kebencian
kasihan anak kasih makan uang haram,ujaran kebencian,ujaran kebencian
enak ya anak presiden,bukan ujaran kebencian,bukan ujaran kebencian
jajah,ujaran kebencian,bukan ujaran kebencian
ma kaesang tonton kakak nya ya,bukan ujaran kebencian,bukan ujaran kebencian
moga hamil tular th tunggu moga mb erina sehat lahir sehat baby amin amin,bukan ujaran kebencian,bukan ujaran kebencian
tau malu sih,ujaran kebencian,ujaran kebencian
titip stroller lengkap anak baby ayo murah acara mom baby fair,bukan ujaran kebencian,bukan ujaran kebencian
tau anak jokowi gak prestasi,bukan ujaran kebencian,bukan ujaran kebencian
komen sakit hati keluarga,ujaran kebencian,bukan ujaran kebencian
ya lumyanlah senyum sendry jls,bukan ujaran kebencian,bukan ujaran kebencian
slide kakak kaesang anak cilik dinasehatin mama,bukan ujaran kebencian,bukan ujaran kebencian
ng sayang istri sempurna erina perempuan laki istri erina lembut manis pinter ibu ng kekanak an moga bahagia iya,bukan ujaran kebencian,bukan ujaran kebencian
tonton dirty vote mu main utama nya,bukan ujaran kebencian,bukan ujaran kebencian
cfa chartered financial analyst sulit keren erina cantik pintar moga lancar lulus level ya,bukan ujaran kebencian,bukan ujaran kebencian
no ferari mas yg tren rubicon,bukan ujaran kebencian,bukan ujaran kebencian
ah tau ah,bukan ujaran kebencian,bukan ujaran kebencian
terlove,bukan ujaran kebencian,bukan ujaran kebencian
anak presiden pedangang pisang goreng bangkrut,ujaran kebencian,bukan ujaran kebencian
cfa kaesang,bukan ujaran kebencian,bukan ujaran kebencian
kakak ayang,bukan ujaran kebencian,bukan ujaran kebencian
awokaowk,bukan ujaran kebencian,bukan ujaran kebencian
sehat keluarga jokowi kakak erina aamiin,bukan ujaran kebencian,bukan ujaran kebencian
couple goals impi moga senang tebar aura positif ya kakak mba,bukan ujaran kebencian,bukan ujaran kebencian
masyaallah tabrakaallah moga adik bayi sehat lahir lengkap bahagia rumah tangga kakak kaesang kakak erina aamin harap moga anak kembar terima sekolah dasar negeri tuju moga hpl anak tiga ku september bayi sehat selamat umur kurang satu aamin moga rezeki hamil souvernir sajadah couple kakak kaesang kakak erina ibadah jujur jadah itu tinggal almarhumah moga salah orang untung sajadah ibadah amin allahhuma aamin sehat lancar rezeki kakak,bukan ujaran kebencian,bukan ujaran kebencian
presiden gue,bukan ujaran kebencian,bukan ujaran kebencian
mana wkwkkwkwk,bukan ujaran kebencian,bukan ujaran kebencian
nebeng amerika,bukan ujaran kebencian,bukan ujaran kebencian
ojek daring kuru kuru kakak mengko ketok enom imut ra bar bar salam istri keluarga moga sehat,bukan ujaran kebencian,bukan ujaran kebencian
kakak eer cantik bangeet,bukan ujaran kebencian,bukan ujaran kebencian
aduh ame visi misi rosting bini nepotisme usia calon presiden wakil presiden bilang jamnnya kerja bapak bilang dasar ndeso dasar ndeso,ujaran kebencian,ujaran kebencian
keren pakai nya,bukan ujaran kebencian,bukan ujaran kebencian
bayar kakak sehat sehat ya juang bangsa,bukan ujaran kebencian,bukan ujaran kebencian
ya gabung partai pagi bangun amanat ketua,ujaran kebencian,bukan ujaran kebencian
produk punya bikin orang pesona,bukan ujaran kebencian,bukan ujaran kebencian
wkwkwwkwkwk,bukan ujaran kebencian,bukan ujaran kebencian
komen aneh aneh wajar presiden wejang partai ketua anak prabowo gibran,bukan ujaran kebencian,bukan ujaran kebencian
tau mas,bukan ujaran kebencian,bukan ujaran kebencian
moga sehat ya,bukan ujaran kebencian,bukan ujaran kebencian
anak muda,bukan ujaran kebencian,bukan ujaran kebencian
salut kakak kaesang kakak erina pasang lengkap bahagia ya mas mbak tuhan kati,bukan ujaran kebencian,bukan ujaran kebencian
jokowi presiden republik indonesia ayom rakyat kakak kaesang ya rakyat anggota psi rakyat jokowi duduk sanding partai usung partai bangkit nusantara nusantara bangkit,bukan ujaran kebencian,bukan ujaran kebencian
plonga plongo permanen grup,bukan ujaran kebencian,bukan ujaran kebencian
oh keluarga hati acak acak negaraa,ujaran kebencian,bukan ujaran kebencian
gigi gitu bayang wangi,ujaran kebencian,ujaran kebencian
keluarga manusia hati iblis ibadah kaget,ujaran kebencian,ujaran kebencian
harap doa moga lancar niat mudah urus rejeki sehat,bukan ujaran kebencian,bukan ujaran kebencian
fasilitas negara pakai acara pribadi oh iya lupa bebas ya raja jawa,ujaran kebencian,bukan ujaran kebencian
lindung sampean iki pria langka,bukan ujaran kebencian,bukan ujaran kebencian
ya,bukan ujaran kebencian,bukan ujaran kebencian
harap bebas hutang moga kabul,bukan ujaran kebencian,bukan ujaran kebencian
bismillah tular garis nya mbak harap buah hati sehat keluarga juang garis moga doa doa juang garis ijabah allah subhanahu whatsapp taala aamiin kun fayaku hendak allah semangat moga sehat kakak adim bayi lancar salin urus nya sehat kakak berkah urus serta rezeky nya aamiin,bukan ujaran kebencian,bukan ujaran kebencian
jjk,ujaran kebencian,bukan ujaran kebencian
selamat ya mb erina kakak kaesang moga lancar h debay bunda na sehat,bukan ujaran kebencian,bukan ujaran kebencian
maaf ye partai demokrasi indonesia juang nih,bukan ujaran kebencian,bukan ujaran kebencian
tertawa moco,bukan ujaran kebencian,bukan ujaran kebencian
lucu amay pasang gabung,bukan ujaran kebencian,bukan ujaran kebencian
posisi dik ndi dolek i kapeka ilo bro,ujaran kebencian,bukan ujaran kebencian
ketua karbitan,ujaran kebencian,ujaran kebencian
air softgun,bukan ujaran kebencian,bukan ujaran kebencian
caption nya tekan kakak,bukan ujaran kebencian,bukan ujaran kebencian
mulih mas gedang mu mok tinggal kesuen dadi mixue ngko,bukan ujaran kebencian,bukan ujaran kebencian
ngefollow kakak erina kakak kaesang capai baik sih,bukan ujaran kebencian,bukan ujaran kebencian
kakak bantu,bukan ujaran kebencian,bukan ujaran kebencian
ketua dada gak erti atur,ujaran kebencian,ujaran kebencian
presiden jabat sang anak ganti kilat haha partainolkoma,bukan ujaran kebencian,bukan ujaran kebencian
prabowo,bukan ujaran kebencian,bukan ujaran kebencian
ersofgun laras kakak,bukan ujaran kebencian,bukan ujaran kebencian
lagu keren,bukan ujaran kebencian,bukan ujaran kebencian
ngisinke lakonne orang jawa sampean,ujaran kebencian,bukan ujaran kebencian
maaf anak rombong anak setan selamat tinggal sila cari jalan,bukan ujaran kebencian,ujaran kebencian
tau produk bagus besar pyd pyd istri anak smp kasih saran kakak istri biar pyd nya,bukan ujaran kebencian,bukan ujaran kebencian
lawak anjing,bukan ujaran kebencian,bukan ujaran kebencian
mars,bukan ujaran kebencian,bukan ujaran kebencian
malu,ujaran kebencian,ujaran kebencian
istighfar tua mati wkwk,ujaran kebencian,bukan ujaran kebencian
ayo pantang serah,bukan ujaran kebencian,bukan ujaran kebencian
hamil cantik sehat iya,bukan ujaran kebencian,bukan ujaran kebencian
libur pakai uang negara uang,bukan ujaran kebencian,ujaran kebencian
masya allah barakallahu fiekum kakak insya allah lancar sehat salin,bukan ujaran kebencian,bukan ujaran kebencian
mba e erina cantik sehat slalu salin daftar baby sitternya,bukan ujaran kebencian,bukan ujaran kebencian
iri lihat kakak kaesang undang presiden undang beliau malu gubuk rumah,bukan ujaran kebencian,bukan ujaran kebencian
mesra mas,bukan ujaran kebencian,bukan ujaran kebencian
itu,bukan ujaran kebencian,bukan ujaran kebencian
diri tanggal tenang ya bocill tua dak tau lupaa cil bocill ya tabrak atur kaliiu,bukan ujaran kebencian,bukan ujaran kebencian
kakak ketua ketemu presiden,bukan ujaran kebencian,bukan ujaran kebencian
proses lahir kait lelaki,bukan ujaran kebencian,bukan ujaran kebencian
beasiswa kesana kemari pakai private jet tertawa,ujaran kebencian,ujaran kebencian
politik busuk ala naruto politik ojek daring kesusulitik munafik muka jokowi percaya presiden peduli anak lihat jokowi presiden minimal paman mk,ujaran kebencian,bukan ujaran kebencian
aduh cfa keren mbak,bukan ujaran kebencian,bukan ujaran kebencian
definisi istri cerdas ki kakak,bukan ujaran kebencian,bukan ujaran kebencian
backgrondnya mmt kale,bukan ujaran kebencian,bukan ujaran kebencian
nya negara ya kakak,bukan ujaran kebencian,bukan ujaran kebencian
kaesang junior langgeng kakak erina kakak kaesang,bukan ujaran kebencian,bukan ujaran kebencian
ya allah sabar lantik,bukan ujaran kebencian,bukan ujaran kebencian
sak jose,bukan ujaran kebencian,bukan ujaran kebencian
ku pok jokowi baik indonesia,bukan ujaran kebencian,bukan ujaran kebencian
cantik bangget,bukan ujaran kebencian,bukan ujaran kebencian
doa sar anak anak anak taat allah swt milik akhlak nya manfaat kakak moga salin nya lancar sehat bayi nya allahumma barik,bukan ujaran kebencian,bukan ujaran kebencian
untune gadulen,ujaran kebencian,bukan ujaran kebencian
berkat ketua pesta psi,bukan ujaran kebencian,bukan ujaran kebencian
hamil cantik masyaallah,bukan ujaran kebencian,bukan ujaran kebencian
masyaallah,bukan ujaran kebencian,bukan ujaran kebencian
masyallah kakak erina cantik bangett,bukan ujaran kebencian,bukan ujaran kebencian
senang aniversary kakak erina kakak kaesang,bukan ujaran kebencian,bukan ujaran kebencian
margonda,bukan ujaran kebencian,bukan ujaran kebencian
harap tinggal rumah suami ldm jawa merauke sungguh berat suami kendala atur mutasi moga hamil nular kakak amin sehat janin hamil,bukan ujaran kebencian,bukan ujaran kebencian
minimal urat malu ya kakak mbakk,ujaran kebencian,ujaran kebencian
mbak coba dibantuin suami bikin cv post jobstreet gitu iya kerja dicariin ya,ujaran kebencian,bukan ujaran kebencian
masyaallah iriana kakak erina ayu anggun sehat keluarga jokowi,bukan ujaran kebencian,bukan ujaran kebencian
kakak kaesang info lowong kerja bapa hebat bapak cari anak kerja,bukan ujaran kebencian,bukan ujaran kebencian
sampek tuweek,bukan ujaran kebencian,bukan ujaran kebencian
sadar sadar sadar khianat partai alas apa ingat kau khianat partai baru penghianat tetap khianat partai baru sadar sikap penting partai baru pura pura terima puja puji cam batok kepala elite partai baru membalbali singkir adab laku partai lama penuh jasa kepada cam alam langit terima sikap perilaku khianat sakit moral bawa rahim tunggu karma lambat cepat,bukan ujaran kebencian,bukan ujaran kebencian
kakak kaesang senang anak muda ketua partai anak jokowi cinta ajar komentar polos polos kasihan jokowi komentar paknjkw berat ajar biar blunder berat jkw,bukan ujaran kebencian,bukan ujaran kebencian
iya kakak kaesang nulis antek antek sekutu,bukan ujaran kebencian,bukan ujaran kebencian
lawan konsitusi ya,ujaran kebencian,bukan ujaran kebencian
aura priyayi cantik pintar elegant,bukan ujaran kebencian,bukan ujaran kebencian
kakak erina ganti lagu suka lagu nya musisi nya manusia,ujaran kebencian,bukan ujaran kebencian
moga juang garis semangat tentu allah rasa amin,bukan ujaran kebencian,bukan ujaran kebencian
mase selesai tinggal selesai ga ken maseh,bukan ujaran kebencian,bukan ujaran kebencian
baris akar rumput psi konsisten dukung ganjar sesuai hasil rembuk rakyat partai,bukan ujaran kebencian,bukan ujaran kebencian
suka keluarga jokowi iriana anak menantu nya cucu cucu,bukan ujaran kebencian,bukan ujaran kebencian
asa negeri bang ajak,bukan ujaran kebencian,bukan ujaran kebencian
heran muka paspasan bidadari,bukan ujaran kebencian,bukan ujaran kebencian
coba orang orang dekat mbak hasil lobi lobi,ujaran kebencian,bukan ujaran kebencian
allah ble kakak erina kakak kaesang always be together,bukan ujaran kebencian,bukan ujaran kebencian
komen sih kaesang,bukan ujaran kebencian,bukan ujaran kebencian
spill akun alya,bukan ujaran kebencian,bukan ujaran kebencian
oh istri sih tabrak suami pasang calon nomor mba,ujaran kebencian,bukan ujaran kebencian
moga bahagia putra mahkota istri cinta amin,bukan ujaran kebencian,bukan ujaran kebencian
keluarga milik negaraa kelas harto ngejalanin politik dinasti gin,bukan ujaran kebencian,ujaran kebencian
kakak kakak gaya gaya main salju mandi hujan masuk angin,bukan ujaran kebencian,bukan ujaran kebencian
harap suami kenal salat suami besar kenal salat harap suami imam keluarga kecil,bukan ujaran kebencian,bukan ujaran kebencian
sok sweet kanjeng ratu,bukan ujaran kebencian,bukan ujaran kebencian
bahagia dunia mati mu susah maaf rakyat indonesia,bukan ujaran kebencian,bukan ujaran kebencian
dicariin kerjan kakak mertua,ujaran kebencian,bukan ujaran kebencian
tenang kakak tau sih,ujaran kebencian,bukan ujaran kebencian
kakak erina suka deh mba kalem banget anggun,bukan ujaran kebencian,bukan ujaran kebencian
bela bayar sih,ujaran kebencian,bukan ujaran kebencian
enak aja cubit emang izin cubit ya,bukan ujaran kebencian,bukan ujaran kebencian
komentar malu bla bla bla malu orang bapak wajar dukung anak sirik,bukan ujaran kebencian,ujaran kebencian
psi lolos senayan,bukan ujaran kebencian,bukan ujaran kebencian
a alamualaikum kakak kakak suami nikah juni agustus sakit paru paru mdr obat ldr sembuh suami jakarta tegal kampung ibu momong kadang down ucap orang orang sakit hati pulang jawa timur kampung suami suruh mertua beli royco warung pas warung nenek istri aris iya nenek bilang anak gabuk ya gabuk adi isi situ down sedih menang senang nya sih orang orang doa hancur mental orang orang orang ngata ngatai mandul bikin anak banding banding orang orang hamil cepat sakit hati kakak,bukan ujaran kebencian,bukan ujaran kebencian
hamil bulan,bukan ujaran kebencian,bukan ujaran kebencian
prabowo gibran bentar lantik presiden wakil presiden,bukan ujaran kebencian,bukan ujaran kebencian
kakak nomor kakak,bukan ujaran kebencian,bukan ujaran kebencian
lebar tertawa,bukan ujaran kebencian,bukan ujaran kebencian
amin ya allah,bukan ujaran kebencian,bukan ujaran kebencian
saagitu ya ersofgun,bukan ujaran kebencian,bukan ujaran kebencian
kakak,bukan ujaran kebencian,bukan ujaran kebencian
orang normal waras jawa sih takut ya hamil,bukan ujaran kebencian,ujaran kebencian
amin moga tanah suci kurban sehar afiat kurang apa ibadah khusyu suami pakai sajadah amin sehat sehat kakak erina,bukan ujaran kebencian,bukan ujaran kebencian
slide pas sengir kaesang mba kahyiang,bukan ujaran kebencian,bukan ujaran kebencian
kaesang so lucky,bukan ujaran kebencian,bukan ujaran kebencian
ketua partai misi visi ea kayake lawak,bukan ujaran kebencian,bukan ujaran kebencian
kakak ketua presiden sampean saudara tah mas,bukan ujaran kebencian,bukan ujaran kebencian
kasihan kakak anak makan uang haram,ujaran kebencian,ujaran kebencian
pulang edukasi mertua kakak suami orang tau deh,ujaran kebencian,bukan ujaran kebencian
jabat kakak menantu acara istana presiden,ujaran kebencian,bukan ujaran kebencian
keren,bukan ujaran kebencian,bukan ujaran kebencian
mas tip nya biar,bukan ujaran kebencian,bukan ujaran kebencian
kakak erin posting posting kangenn postinganmu mbaa posting mba tunggu,bukan ujaran kebencian,bukan ujaran kebencian
congratulation kakak kakak,bukan ujaran kebencian,bukan ujaran kebencian
moga sehat debaynya,bukan ujaran kebencian,bukan ujaran kebencian
moga kumpul suami sukabumi cepat kuat ldr an,bukan ujaran kebencian,ujaran kebencian
tuhan malu orang,ujaran kebencian,ujaran kebencian
kakak cari komisi berantas korupsi nongol,ujaran kebencian,ujaran kebencian
kasih rezeki anak presiden sempat inspirasi masyarakat bikin kecewa,bukan ujaran kebencian,bukan ujaran kebencian
heran ya komen negatif makan siang anak salah mana kampanye yg suka sila unfollow bacot dech semangat psi,bukan ujaran kebencian,bukan ujaran kebencian
mas,bukan ujaran kebencian,bukan ujaran kebencian
gumush,bukan ujaran kebencian,bukan ujaran kebencian
mentang mentang deg dua ye ngejek,bukan ujaran kebencian,bukan ujaran kebencian
jilat lidah segar bos jatah hehe,ujaran kebencian,ujaran kebencian
wiwi,bukan ujaran kebencian,bukan ujaran kebencian
tunggu klarifikasi bro,bukan ujaran kebencian,bukan ujaran kebencian
ah sih bener cie,bukan ujaran kebencian,bukan ujaran kebencian
senang anniv weeding krasa tahun moga langgeng kakek nenek,bukan ujaran kebencian,bukan ujaran kebencian
uang,bukan ujaran kebencian,bukan ujaran kebencian
heran warganet rajin rajin sowan akun anak jokowi cela nyinyir niat banget lupa keluarga jokowi orang kebal biasa hina t sikap bijak dongkol,bukan ujaran kebencian,bukan ujaran kebencian
daftarin anak perut ya kakek,ujaran kebencian,bukan ujaran kebencian
orang biysa cntang biru diblz ra yo hhe keluarga bahagia,bukan ujaran kebencian,bukan ujaran kebencian
instan enak duduk jabat,ujaran kebencian,bukan ujaran kebencian
gbu always famili,bukan ujaran kebencian,bukan ujaran kebencian
lolos parlemen partai presiden tenang emis suara,ujaran kebencian,bukan ujaran kebencian
baca baca puisi,bukan ujaran kebencian,bukan ujaran kebencian
tau malu lu keluarga muka tembok cih,ujaran kebencian,ujaran kebencian
rsakan kakak erina ketemu kakak kaesang senyum ya kakak erina,bukan ujaran kebencian,bukan ujaran kebencian
usak kuntitusi mk,bukan ujaran kebencian,bukan ujaran kebencian
langgeng kakak lancar rezeki yo,bukan ujaran kebencian,bukan ujaran kebencian
bandung berlian land raja kavling vila kebun murah bandung raya jamin sila survei salah investasi untung investasi properti tanah naik harga tanah capai x lipat daerah kembang pinggir kota daerah wisata rumah kampus kawasan bandung barat alami kembang pesat stasiun whoosh padalarang susul bangun kota walini ciputra grup buka gerbang tol walini km orang bijak investasi kemarin tunggu harga milik kavling vila kebun kawasan kembang pesat menit minimarket pasar kantor camat menit kantor kbb menit stasiun whoosh padalarang menit tol padalarang menit kota parahyangan menit kota bandung via tol kavling whoosh harga rupiah ribu meter luas meter bonus gratis sertifikat hak milik spesifikasi kavling tanah legalitas jamin cocok bangun rumah villa listrik air mudah udara sejuk akses masuk mobil view indah prospek bagus investasi informasi hubung rikky,bukan ujaran kebencian,bukan ujaran kebencian
lugu lucu masyarakat indonesia doa keluarga doa tuhan,ujaran kebencian,bukan ujaran kebencian
ya mantu owi ayu,bukan ujaran kebencian,bukan ujaran kebencian
gurem,ujaran kebencian,bukan ujaran kebencian
mbak kakak kaesang blusuk buku warga rangka ya pakai rompi salah tulis anak mulyono benar paham,bukan ujaran kebencian,bukan ujaran kebencian
doa baik lindung tuhan sehat hamil nya proses salin lancar ade bayi lahir sehat sempurna ibu sehat papah nya sehat begadang semangat kakak,bukan ujaran kebencian,bukan ujaran kebencian
ya allah senang kakak erina kakak kaesang percaya jaga titip allah moga suami susul nanti sembilan selamat ya kakak sehat sehat dedek utun lahir,bukan ujaran kebencian,bukan ujaran kebencian
suka koar koar sederhana balik hidup sederhana koar koar dunia orang tolong orang miskin tolong ajak foto unggah sosmed liput berita nolong pamer citra munafik,bukan ujaran kebencian,bukan ujaran kebencian
gencar bgt pengin kuasa keluarga,bukan ujaran kebencian,ujaran kebencian
depok,bukan ujaran kebencian,bukan ujaran kebencian
terus tumbuh layu mawar,bukan ujaran kebencian,bukan ujaran kebencian
lihat kaesang umur th nikah urip,bukan ujaran kebencian,bukan ujaran kebencian
wkwk dasar keluarga aji mumpung,ujaran kebencian,ujaran kebencian
nek suami puji istri onok karepe ndang takoni mb kangmas ngersak aken nopo,bukan ujaran kebencian,bukan ujaran kebencian
semangat maskae kerja ya kakak biar tau,bukan ujaran kebencian,bukan ujaran kebencian
serame antusias masyarakat ganjar,bukan ujaran kebencian,bukan ujaran kebencian
tenang bos ajaj baru,bukan ujaran kebencian,bukan ujaran kebencian
harap moga depa istiqomah suami kerja moga hamil dik bayi sehat lahir lancar amiin,bukan ujaran kebencian,bukan ujaran kebencian
muka kakak kaesang,bukan ujaran kebencian,bukan ujaran kebencian
kakak,bukan ujaran kebencian,bukan ujaran kebencian
pohon cendana tebang tukang kayu damai e tau dedemit sambat keluarga sih tukang kayu karma demit cendana,bukan ujaran kebencian,bukan ujaran kebencian
favorit kakak kakak nya pasang kakak sweet ter unyu unyu mba,bukan ujaran kebencian,bukan ujaran kebencian
nanti milik anak doa usaha ajar syukur moga anak amin,bukan ujaran kebencian,bukan ujaran kebencian
keren kakak kaesang undang presiden,bukan ujaran kebencian,bukan ujaran kebencian
masyaallah ta barakallah moga kakak sehat panjang umur nya lancar salin nya bismilahirohmanirohim harap nya moga allah lancar rezeki suami allah mudah lunas hutang hutang moga harap allah kabul allah mudah hutang cepat lunas rumah tumpang rumah mertua lahaula walla quwwata illa bilah daya upaya tolong allah amin yarobal alamin,bukan ujaran kebencian,bukan ujaran kebencian
coblos nomor ganjar pranowo mahfud md indonesia maju unggul makmur sentosa sejahtera amin,bukan ujaran kebencian,bukan ujaran kebencian
harta beharga,bukan ujaran kebencian,bukan ujaran kebencian
kakak kaesang salam admin pakde rakyat nya korban meikarta loh,bukan ujaran kebencian,bukan ujaran kebencian
masik uang,bukan ujaran kebencian,ujaran kebencian
mas istri cantik,bukan ujaran kebencian,bukan ujaran kebencian
hamil bahagia kumpul keluarga pokok baik,bukan ujaran kebencian,bukan ujaran kebencian
tuhan tutup rapat aib keluarga eh bongkar mantu,ujaran kebencian,bukan ujaran kebencian
layar laut air mata,ujaran kebencian,bukan ujaran kebencian
kakak senyum nya balik,bukan ujaran kebencian,bukan ujaran kebencian
gas,bukan ujaran kebencian,bukan ujaran kebencian
asli nya kakak cantik td ketemu pas kakak pinjam toilet atm bank rakyat indonesia daerah abiansemal pas kakak kaesang tarik tunai uang,bukan ujaran kebencian,bukan ujaran kebencian
i suka kakak,bukan ujaran kebencian,bukan ujaran kebencian
saham wirg e say,bukan ujaran kebencian,bukan ujaran kebencian
kakak kaesang janji tahun urus engak serah tolong ya admin apa posting bilang kaesang,bukan ujaran kebencian,bukan ujaran kebencian
jokowi mind blowing sih menurutkutp juara bgt sehat jokowi,bukan ujaran kebencian,bukan ujaran kebencian
random ya,bukan ujaran kebencian,bukan ujaran kebencian
terima kasih kakak erin warna senyum masyarakat papua terima kasih nyaaman orang timur terima kasih kakak,bukan ujaran kebencian,bukan ujaran kebencian
anjir pas asa keren sad,bukan ujaran kebencian,bukan ujaran kebencian
malu minimal,ujaran kebencian,ujaran kebencian
syukur buat keburu nilai orang tetep semangat ya kakak cepat momong moga nular ya kakak amin lancar proses salin ya kakak,bukan ujaran kebencian,bukan ujaran kebencian
bilang potret guru,bukan ujaran kebencian,bukan ujaran kebencian
bismillah moga lancar gangsar lahir ibu cepat recovery adik bayi anak sholih sholihah taat adab amin,bukan ujaran kebencian,bukan ujaran kebencian
haus bahaya,bukan ujaran kebencian,ujaran kebencian
sayang persis solo kakak sayang degradasi,bukan ujaran kebencian,bukan ujaran kebencian
kakak ya tau menang ny,bukan ujaran kebencian,bukan ujaran kebencian
anak guys hanak presiden,bukan ujaran kebencian,bukan ujaran kebencian
betah istana,ujaran kebencian,bukan ujaran kebencian
tolong mertua pertanggungjawaban akhirat kelak berat amanah pimpin langgar,bukan ujaran kebencian,bukan ujaran kebencian
kakak kaesang coba deh ajar kakak gibran romantis deh kakak selvi ko lempeng lempeng kakak wakpres tpi prabowo gibran,bukan ujaran kebencian,bukan ujaran kebencian
mboh serah mas ra ngagas ecean aapa menuzuk hati,bukan ujaran kebencian,bukan ujaran kebencian
singapura seng suka mas jare alas e pilih muda,bukan ujaran kebencian,bukan ujaran kebencian
anak bangga mas haha ngakak,ujaran kebencian,bukan ujaran kebencian
a alamualaikum bismillah syukur panjat allah subhanahu whatsapp taala titip barakallah moga sehat lancar salin amin ya allah harap pribadi ku paruh hidup ku bahagia orang tua usia beban orang tua bahagiaa orang tua umur sehat sehat bahagia jauh sedih amin ya allah moga allah subhanahu whatsapp taala sempat bahagia orang tua amin kencang orang tua diri bahagia raja orang tuan rezeki mu raja,bukan ujaran kebencian,bukan ujaran kebencian
x,bukan ujaran kebencian,bukan ujaran kebencian
pinjam perhiasanya kondangan,bukan ujaran kebencian,bukan ujaran kebencian
moga anak masuk got ya allaah,ujaran kebencian,bukan ujaran kebencian
tenang sempak bobo minum susu tidur ketiak ayah,ujaran kebencian,bukan ujaran kebencian
prabowo gibran,bukan ujaran kebencian,bukan ujaran kebencian
politik riang gembira kaesang,bukan ujaran kebencian,bukan ujaran kebencian
keren receh pakai banget,bukan ujaran kebencian,bukan ujaran kebencian
kontrak laku ya bonus,bukan ujaran kebencian,bukan ujaran kebencian
sweet sih kakak,bukan ujaran kebencian,bukan ujaran kebencian
moso benar kakak,bukan ujaran kebencian,bukan ujaran kebencian
soko guru baik anak nurunkan ilmu indonesia maju ubah gen z generasi milenium leceh si tunjuk terus kendali negara ga orang langsung hebat proses ajar cerdas generasi gen z,bukan ujaran kebencian,bukan ujaran kebencian
etik admin nya kaesang,bukan ujaran kebencian,bukan ujaran kebencian
sekolah langsung lantik aja bupati walikota,ujaran kebencian,bukan ujaran kebencian
partai spanduk indonesia,bukan ujaran kebencian,bukan ujaran kebencian
ketua masak main medan sih biar menang kakak prabowo,bukan ujaran kebencian,bukan ujaran kebencian
dinasti jokowi,ujaran kebencian,ujaran kebencian
wkwk,bukan ujaran kebencian,bukan ujaran kebencian
tolong bantu je ica adil je ica,bukan ujaran kebencian,bukan ujaran kebencian
umrah pakai uang negara,bukan ujaran kebencian,ujaran kebencian
utututu nepo baby,ujaran kebencian,ujaran kebencian
kayak kaesang kali pasang deh selamat ya moga langgeng,bukan ujaran kebencian,bukan ujaran kebencian
habibi kayak dinasti politik lebih,bukan ujaran kebencian,ujaran kebencian
tum oh iya lupa ansk bapak,ujaran kebencian,bukan ujaran kebencian
atur strategi,bukan ujaran kebencian,ujaran kebencian
keluarga asu kutuk,ujaran kebencian,ujaran kebencian
terima kasih palestina dukung aku indonesia merdeka maaf palestina petinggi indonesia dukung palestina merdeka petinggi negara takut allah swt takut negara eropa dukung israel undang undang dasar negara republik indonesia buka sungguh merdeka hak bangsa jajah dunia hapus sesuai perikemanusiaan perikeadilan jajah hapus palestina merdeka,bukan ujaran kebencian,bukan ujaran kebencian
anggota psi anak wk,ujaran kebencian,bukan ujaran kebencian
teman tonton dirty pilih bom film dokumenter pata tokoh ahli hukum tata negara tayang channel dirty pilih yaa link nya pencet link nya direct me age yaa,bukan ujaran kebencian,bukan ujaran kebencian
jalur vip langsung tum,bukan ujaran kebencian,bukan ujaran kebencian
penasaran nama anak,bukan ujaran kebencian,bukan ujaran kebencian
kakak arafah jaga panti jompo sopan foto jomblo,bukan ujaran kebencian,bukan ujaran kebencian
kalah torik gledek,bukan ujaran kebencian,bukan ujaran kebencian
allah cantik kakak erinagudono,bukan ujaran kebencian,bukan ujaran kebencian
dosa kah,ujaran kebencian,bukan ujaran kebencian
manyala kasih keras capt ilmu padi abang,bukan ujaran kebencian,bukan ujaran kebencian
kalimat lucu of agustus sejarah indonesia social policy practice nyala istri anak presiden,ujaran kebencian,bukan ujaran kebencian
harap anjing harap,ujaran kebencian,bukan ujaran kebencian
kapann ya maksud nikah,bukan ujaran kebencian,bukan ujaran kebencian
kontol,ujaran kebencian,bukan ujaran kebencian
dinasti,bukan ujaran kebencian,ujaran kebencian
kelas anak presiden paham harga istri nama istri utama kurang hormat ngelahirin,bukan ujaran kebencian,bukan ujaran kebencian
kakak ina kakak kaesang harap jaehyun,bukan ujaran kebencian,bukan ujaran kebencian
smga hamil benar,bukan ujaran kebencian,bukan ujaran kebencian
bismillah pikir positif biar rezeki alir positif baik sangka allah,bukan ujaran kebencian,bukan ujaran kebencian
presiden anak walikota mantu walikota anak walikota mantaf,bukan ujaran kebencian,bukan ujaran kebencian
kenal psi rakyat pelosok kakak ketua,bukan ujaran kebencian,bukan ujaran kebencian
terima kasih,bukan ujaran kebencian,bukan ujaran kebencian
maaf luwes liat seram surat pemberitahuan tahun boneka seram,ujaran kebencian,bukan ujaran kebencian
bismillah moga mudah tesis lulus nilai baik kerja baik rida allah ta ala orang tua,bukan ujaran kebencian,bukan ujaran kebencian
tahan maju pilih gubernur dlu,bukan ujaran kebencian,ujaran kebencian
cantik moga amanah orang hasil aamiin,bukan ujaran kebencian,bukan ujaran kebencian
wuih sus selamat oernikahan nadine pesta sederhana acara lho,ujaran kebencian,bukan ujaran kebencian
bismillah moga ekonomi uang baik tabung beli rumah ank sehat nya sehat amin,bukan ujaran kebencian,bukan ujaran kebencian
pacar kaesang,bukan ujaran kebencian,bukan ujaran kebencian
selamat studi ya mba tolong kakak erina ajar sungguh sungguh tau sosial indonesia putar miskin struktural dampak akibat hamil kakak erina rentan eknonomi cukup gizi bayi oligarki korupsi kolusi nepotisme cipta oligarki saran kakak erina mahasiswa jurus sosial policy jumpa masyarakat susah jumpa masyarakat miskin milik sosial sulit kerja layak tanyak lanjut studi guru perempuan keras lindung privilege kakak dekat kuasa milik kompas moral empati kakak erina milik wajib tebus salah baik kondisi negara beda orang orang kakak sadar penuh rampok negara kaya orang orang miskin lahir dunia salah hukum sengsara daya ubah nasib kakak sosok perempuan pintar daya tinggal kakak putus solusi,bukan ujaran kebencian,bukan ujaran kebencian
cfa,bukan ujaran kebencian,bukan ujaran kebencian
social policy edukasi keluarga kah sih tingkah,ujaran kebencian,ujaran kebencian
aji mumpung,ujaran kebencian,bukan ujaran kebencian
punya inspiration sehat nular fibes positif lancar prsalinannya,bukan ujaran kebencian,bukan ujaran kebencian
ndeso nepotisme,ujaran kebencian,ujaran kebencian
minimal scalling bro,ujaran kebencian,ujaran kebencian
follow kakak,bukan ujaran kebencian,bukan ujaran kebencian
capek reformasi eh rugi sekolah pilih rusak negara,ujaran kebencian,bukan ujaran kebencian
rakyat malu keluarga,ujaran kebencian,ujaran kebencian
masha allah sehat selamat lancar lahir nya kakak moga adik bayi anak manfaat lindung allah subhanahu whatsapp taala aamiin harap ku moga istikamah bertaqwa iman allah subhanahu whatsapp taala,bukan ujaran kebencian,bukan ujaran kebencian
langgeng kakak,bukan ujaran kebencian,bukan ujaran kebencian
harap moga canda teman sahabat kurang orang canda bantu mampu deketi kasihan niat,bukan ujaran kebencian,bukan ujaran kebencian
nebeng ya gas ya,ujaran kebencian,bukan ujaran kebencian
oke uang coba s beasiswa kampus,ujaran kebencian,ujaran kebencian
terima kasih presiden cucu mu kasih hadiah menteri usia atur bisa ubah wakil presiden nya om nya terima kasih ya,bukan ujaran kebencian,bukan ujaran kebencian
tolong saudara copet handphone uang gelora karno saptu kesana istri dua profesi nya ojol cari uang hp lapor adu gbk nama pen supendi alamat kp candu legok tangerang nomer handphone curi mohon solusi bingung,bukan ujaran kebencian,bukan ujaran kebencian
sih cantik pintar berprestaai samawa ya,bukan ujaran kebencian,bukan ujaran kebencian
lovely,bukan ujaran kebencian,bukan ujaran kebencian
iya iya,bukan ujaran kebencian,bukan ujaran kebencian
dibiayain uang rakyat,ujaran kebencian,ujaran kebencian
lucu,bukan ujaran kebencian,bukan ujaran kebencian
heran orang sepinter prestasi km diam huru hara indonesia iya sih dukung dinasti,ujaran kebencian,ujaran kebencian
keluarga bikin rusuh negara,ujaran kebencian,ujaran kebencian
ya pas senyum,bukan ujaran kebencian,bukan ujaran kebencian
sakkarepmu kakak angger nguntal gapuro,bukan ujaran kebencian,bukan ujaran kebencian
harap garis amin kammi manti hadir buah hati,bukan ujaran kebencian,bukan ujaran kebencian
anggar aman,bukan ujaran kebencian,ujaran kebencian
aamiin bos sakjose,bukan ujaran kebencian,bukan ujaran kebencian
anak kayak urus politik tenang eh postingan biasa tabrak atur kali anak presiden,ujaran kebencian,bukan ujaran kebencian
kaesang junior coming soon,bukan ujaran kebencian,bukan ujaran kebencian
tolong adakan piala wapres kompetisi p i liga bina sepak bola usia ratus juta jiwa orang main bola nerkualitas bina usia dinya jalan tarik kompetisi sekolah lupa pesantren panti asuh anak jalan,ujaran kebencian,bukan ujaran kebencian
harap moga suami kerja tabung habis cincin kawin paksa djual syukur makan tumpang orangtua tp kasihan orang tua kurang sy doa moga kakak sehat lancar lahir aamiin,bukan ujaran kebencian,bukan ujaran kebencian
abg gibran,bukan ujaran kebencian,bukan ujaran kebencian
cantik cekal,bukan ujaran kebencian,bukan ujaran kebencian
berkah orang,bukan ujaran kebencian,bukan ujaran kebencian
mbacot valuable,bukan ujaran kebencian,bukan ujaran kebencian
istana,ujaran kebencian,bukan ujaran kebencian
isi hujat pantas sih isi,ujaran kebencian,bukan ujaran kebencian
tonton film dirty pilih ayo,bukan ujaran kebencian,bukan ujaran kebencian
selebriti palestina takut hilang kerja allah maha,bukan ujaran kebencian,bukan ujaran kebencian
oke,bukan ujaran kebencian,bukan ujaran kebencian
bicara jaket nya mas,bukan ujaran kebencian,bukan ujaran kebencian
huni rumah cek biologi ya teman,bukan ujaran kebencian,bukan ujaran kebencian
moga lancar salin kakak baby sehat sehat yaa biar anteng rumah coba sedia,bukan ujaran kebencian,bukan ujaran kebencian
subhanallah bahagia istri,bukan ujaran kebencian,bukan ujaran kebencian
lawak kakak,bukan ujaran kebencian,bukan ujaran kebencian
harap moga sehat rezeki lancar besok anak ulang moga acara lancar ammiin,bukan ujaran kebencian,bukan ujaran kebencian
gusi nya seram,ujaran kebencian,bukan ujaran kebencian
cantik bingit ht nya cantik rendah hati keluarga samawa aminx,bukan ujaran kebencian,bukan ujaran kebencian
tenang mbak lolos lolos komisi berantas korupsi mudah kejar,ujaran kebencian,bukan ujaran kebencian
agustus rakyat indonesia aksi moga allah jaga rakyat indonesia mohon sadar micek mbudeg mas astagfirullah,bukan ujaran kebencian,ujaran kebencian
umrah nya pakai uang rakyat,ujaran kebencian,ujaran kebencian
kesini gara gara video dasar ndeso,bukan ujaran kebencian,ujaran kebencian
kakak ceryl ku nya suka ditanyain bapa,bukan ujaran kebencian,bukan ujaran kebencian
bahagia,bukan ujaran kebencian,bukan ujaran kebencian
ma persis solo meh degradasi,bukan ujaran kebencian,bukan ujaran kebencian
laku manantu anggur mertua detik marah marah curhat,bukan ujaran kebencian,bukan ujaran kebencian
mantap mas cari suara kandang banteng strategi,bukan ujaran kebencian,bukan ujaran kebencian
ersofgun saudara air lembut gun ya hehe,bukan ujaran kebencian,bukan ujaran kebencian
bismillah sehat sehat ya kakak salin hamil moga sehat salin ya lancar mudah amin,bukan ujaran kebencian,bukan ujaran kebencian
kakak savage mas admin legendary,bukan ujaran kebencian,bukan ujaran kebencian
suit suit,bukan ujaran kebencian,bukan ujaran kebencian
aduh sosweet kakak gibran,bukan ujaran kebencian,bukan ujaran kebencian
ikkrwpio cxz,bukan ujaran kebencian,bukan ujaran kebencian
hati lu,ujaran kebencian,bukan ujaran kebencian
kampung beli seledri pasang suami istri sombong,bukan ujaran kebencian,ujaran kebencian
terjemahane mana,bukan ujaran kebencian,bukan ujaran kebencian
bsok akhirat malaikat tuhan ya tau,ujaran kebencian,bukan ujaran kebencian
selamat ya kakak sukses,bukan ujaran kebencian,bukan ujaran kebencian
masyaallah sehat sehat hamil pakmil,bukan ujaran kebencian,bukan ujaran kebencian
tegal lurus jokowi,bukan ujaran kebencian,bukan ujaran kebencian
sehat jokowi terima kasih pimpin indonesia biar anak anak terus,bukan ujaran kebencian,bukan ujaran kebencian
terima kasih,bukan ujaran kebencian,bukan ujaran kebencian
